Demultiplex QC Report for flowcell ID (e.g., 230830_LH00131_0017_A2272FHLU3),,,,,,,,,,,,,,,
[Lane Metrics],,,,,,,,,,,,,,,
Lane,Total PFReads,Fraction PFReads IDed (%),PFReads IDed/Lane,Q>=30 R1/R2 (%),Aligned R1/R2 (%),Prephasing R1/R2 (%),Phasing R1/R2 (%),Error Rate R1/R2 (%),,,,,,,
L001,"1,274,480,618",91.25,"1,162,914,980",97.18/96.34,97.00/96.02,0.06/0.04,0.06/0.10,0.05/0.17,,,,,,,
L002,"1,301,363,172",90.85,"1,182,280,271",97.15/96.30,96.98/95.97,0.06/0.04,0.07/0.10,0.06/0.18,,,,,,,
L003,"1,336,445,027",91.57,"1,223,720,178",97.05/95.89,96.89/95.57,0.06/0.05,0.07/0.11,0.05/0.23,,,,,,,
L004,"1,275,819,248",90.98,"1,160,706,856",96.85/95.74,96.69/95.43,0.06/0.05,0.07/0.11,0.06/0.21,,,,,,,
L005,"1,281,881,031",90.93,"1,165,668,901",96.68/95.77,96.53/95.47,0.06/0.05,0.07/0.10,0.07/0.21,,,,,,,
L006,"1,261,766,194",90.97,"1,147,813,021",96.61/95.66,96.45/95.33,0.06/0.05,0.07/0.10,0.08/0.23,,,,,,,
L007,"1,225,043,180",90.73,"1,111,472,602",96.55/95.71,96.40/95.42,0.06/0.05,0.07/0.10,0.08/0.22,,,,,,,
L008,"1,188,677,496",90.91,"1,080,672,192",96.50/95.77,96.33/95.48,0.06/0.05,0.07/0.10,0.08/0.21,,,,,,,
,,,,,,,,,,,,,,,
,,,,,,,,,,,,,,,
[Sample Metrics],,,,,,,,,,,,,,,
Project,Demux Recipe,Sample,Lane,Barcode,Status,PFReads IDed/Sample,Fraction Of Lane (%),Q30Bases R1 %,Q30Bases R2 %,Fraction 0/1 Mismatch (%),,,,,
Library_Pool_Local_ID,28x10x10x90,Library_Aliquot_Local_ID,L001,GTAGCCCTGT-GAGCATCTAT,N/A,"128,038,388",0.1,0.97,0.97,0.9707/0.0293,,,,,
Library_Pool_Local_ID,28x10x10x90,Library_Aliquot_Local_ID,L002,GCAGTATAGG-TTCCGTGCAC,N/A,"160,534,687",0.13,0.97,0.96,0.9792/0.0208,,,,,
Library_Pool_Local_ID,28x10x10x90,Library_Aliquot_Local_ID,L003,CTAGACGAAA-CTAGTGTGGT,N/A,"18,633,568",0.01,0.97,0.96,0.9761/0.0239,,,,,
Library_Pool_Local_ID,28x10x10x90,Library_Aliquot_Local_ID,L004,TCGGCTCTAC-CCGATGGTCT,N/A,"148,936,594",0.12,0.97,0.97,0.9777/0.0223,,,,,
Library_Pool_Local_ID,28x10x10x90,Library_Aliquot_Local_ID,L005,GTCCCATCAA-CGAACGTGAC,N/A,"145,697,863",0.11,0.97,0.96,0.9777/0.0223,,,,,
Library_Pool_Local_ID,28x10x10x90,Library_Aliquot_Local_ID,L006,CCGGAGGAAG-TGCGGATGTT,N/A,"163,813,576",0.13,0.97,0.96,0.9827/0.0173,,,,,
Library_Pool_Local_ID,28x10x10x90,Library_Aliquot_Local_ID,L007,TATTGAGGCA-CAGGTAAGTG,N/A,"140,785,475",0.11,0.97,0.96,0.0052/0.9948,,,,,
Library_Pool_Local_ID,28x10x10x90,Library_Aliquot_Local_ID,L008,TATCAGCCTA-GTTTCGTCCT,N/A,"108,410,550",0.09,0.97,0.96,0.9772/0.0228,,,,,
,,,,,,,,,,,,,,,
,,,,,,,,,,,,,,,
,,,,,,,,,,,,,,,
[Top Unknown Barcodes],,,,,,,,,,,,,,,
L001 Barcode,L001 Count,L002 Barcode,L002 Count,L003 Barcode,L003 Count,L004 Barcode,L004 Count,L005 Barcode,L005 Count,L006 Barcode,L006 Count,L007 Barcode,L007 Count,L008 Barcode,L008 Count
GTAGACGAAA-CTAGTGTGGT,"136,111,686",GTAGACGAAA-CTAGTGTGGT,"137,617,120",GTAGACGAAA-CTAGTGTGGT,"138,501,394",GTAGACGAAA-CTAGTGTGGT,"136,492,271",GTAGACGAAA-CTAGTGTGGT,"136,671,792",GTAGACGAAA-CTAGTGTGGT,"136,019,493",GTAGACGAAA-CTAGTGTGGT,"135,471,845",GTAGACGAAA-CTAGTGTGGT,"133,913,774"
TGGTCCCAAG+GGGGGGGGGG,"5,360,357",TGGTCCCAAG+GGGGGGGGGG,"6,440,613",TGGTCCCAAG+GGGGGGGGGG,"4,458,590",TGGTCCCAAG+GGGGGGGGGG,"5,687,197",TGGTCCCAAG+GGGGGGGGGG,"6,041,661",TGGTCCCAAG+GGGGGGGGGG,"5,855,433",TGGTCCCAAG+GGGGGGGGGG,"6,368,465",TGGTCCCAAG+GGGGGGGGGG,"5,801,330"
GTCCCATCAA+GGGGGGGGGG,"2,774,481",GTCCCATCAA+GGGGGGGGGG,"3,333,920",GTCCCATCAA+GGGGGGGGGG,"2,109,896",GTCCCATCAA+GGGGGGGGGG,"2,913,525",GTCCCATCAA+GGGGGGGGGG,"3,230,891",GTCCCATCAA+GGGGGGGGGG,"3,037,907",GTCCCATCAA+GGGGGGGGGG,"3,324,218",GTCCCATCAA+GGGGGGGGGG,"3,015,335"
TCGGCTCTAC+GGGGGGGGGG,"1,650,668",GCAGTATAGG+GGGGGGGGGG,"1,974,617",GGGGGGGGGG+AACTTACCTG,"1,497,001",GCAGTATAGG+GGGGGGGGGG,"1,965,353",GCAGTATAGG+GGGGGGGGGG,"1,951,076",GCAGTATAGG+GGGGGGGGGG,"2,013,356",GCAGTATAGG+GGGGGGGGGG,"2,314,216",GCAGTATAGG+GGGGGGGGGG,"2,026,234"
GCAGTATAGG+GGGGGGGGGG,"1,507,957",TCGGCTCTAC+GGGGGGGGGG,"1,967,221",TCGGCTCTAC+GGGGGGGGGG,"1,399,748",TCGGCTCTAC+GGGGGGGGGG,"1,938,869",TCGGCTCTAC+GGGGGGGGGG,"1,870,789",TCGGCTCTAC+GGGGGGGGGG,"1,856,231",TCGGCTCTAC+GGGGGGGGGG,"2,124,713",TCGGCTCTAC+GGGGGGGGGG,"1,863,788"
GGGGGGGGGG+AACTTACCTG,"1,414,377",GGGGGGGGGG+AACTTACCTG,"1,547,172",GGGGGGGGGG+ACGCCAGAGG,"1,360,232",TATCAGCCTA+GGGGGGGGGG,"1,552,538",TATCAGCCTA+GGGGGGGGGG,"1,467,515",TATCAGCCTA+GGGGGGGGGG,"1,497,402",TATCAGCCTA+GGGGGGGGGG,"1,692,018",TATCAGCCTA+GGGGGGGGGG,"1,473,990"
GGGGGGGGGG+ACGCCAGAGG,"1,276,226",TATCAGCCTA+GGGGGGGGGG,"1,513,465",CGGAGGAAGA+AACATCCGCA,"1,141,180",GGGGGGGGGG+AACTTACCTG,"1,435,251",GGGGGGGGGG+AACTTACCTG,"1,451,141",GGGGGGGGGG+AACTTACCTG,"1,426,841",GGGGGGGGGG+AACTTACCTG,"1,379,943",GGGGGGGGGG+AACTTACCTG,"1,326,874"
TATCAGCCTA+GGGGGGGGGG,"1,231,823",GGGGGGGGGG+ACGCCAGAGG,"1,388,937",GCAGTATAGG+GGGGGGGGGG,"1,108,417",GGGGGGGGGG+ACGCCAGAGG,"1,270,884",GGGGGGGGGG+ACGCCAGAGG,"1,271,503",GGGGGGGGGG+ACGCCAGAGG,"1,245,245",GGGGGGGGGG+ACGCCAGAGG,"1,197,470",GGGGGGGGGG+ACGCCAGAGG,"1,153,478"
CGGAGGAAGA+AACATCCGCA,"1,074,770",GGGGGGGGGG+AGGACGAAAC,"1,116,726",GGGGGGGGGG+AGGACGAAAC,"1,088,689",CGGAGGAAGA+AACATCCGCA,"1,076,839",CGGAGGAAGA+AACATCCGCA,"1,083,160",CGGAGGAAGA+AACATCCGCA,"1,058,395",CGGAGGAAGA+AACATCCGCA,"1,006,793",CGGAGGAAGA+AACATCCGCA,"948,009"
GGGGGGGGGG+AGGACGAAAC,"1,024,265",CGGAGGAAGA+AACATCCGCA,"1,106,431",TATCAGCCTA+GGGGGGGGGG,"1,073,295",GGGGGGGGGG+AGGACGAAAC,"1,021,468",GGGGGGGGGG+AGGACGAAAC,"1,035,435",GGGGGGGGGG+AGGACGAAAC,"1,011,422",GGGGGGGGGG+AGGACGAAAC,"981,294",GGGGGGGGGG+AGGACGAAAC,"939,890"